Key,Value
0.0,0.4317111452931138
0.001,0.4314707614689378
0.002,0.4312303772962888
0.003,0.43098999142579125
0.004,0.43074960774472304
0.005,0.43050922302291234
0.006,0.43026883848670305
0.007,0.4300284547034799
0.008,0.4297880691706598
0.009,0.42954768415137895
0.01,0.42930730080880947
0.011,0.42906691483931175
0.012,0.4288265294490026
0.013,0.42858614721556887
0.014,0.42834576148855824
0.015,0.4281053766877683
0.016,0.4278649922013823
0.017,0.42762460666354696
0.018,0.42738422308419743
0.019,0.42714383800100564
0.02,0.4269034537755485
0.021,0.42666306901235324
0.022,0.4264226843187869
0.023,0.4261822992121424
0.024,0.4259419173536357
0.025,0.425701530159593
0.026,0.4254611458401048
0.027,0.4252207612584166
0.028,0.4249803768453287
0.029,0.42473999237800664
0.03,0.42449960741946036
0.031,0.42425922270017397
0.032,0.4240188382259409
0.033,0.4237784541969385
0.034,0.4235380681971983
0.035,0.42329768412196644
0.036,0.42305730074022657
0.037,0.4228169152555036
0.038,0.4225765316094504
0.039,0.42233614482135007
0.04,0.42209576151299216
0.041,0.42185537975807624
0.042,0.42161499238141636
0.043,0.42137460488678863
0.044,0.42113422449661364
0.045,0.42089383874472724
0.046,0.4206534542193582
0.047,0.42041306700892683
0.048,0.4201726865813146
0.049,0.4199322989358758
0.05,0.41969191654320526
0.051,0.41945153183673806
0.052,0.4192111471419974
0.053,0.41897076174762143
0.054,0.41873037776785443
0.055,0.4184899946392412
0.056,0.41824961031067814
0.057,0.4180092273337656
0.058,0.4177688383622661
0.059,0.4175284438065811
0.06,0.41728807050267114
0.061,0.41704768377729495
0.062,0.4168072959695391
0.063,0.41656692323519867
0.064,0.41632651807784105
0.065,0.4160861475238631
0.066,0.41584575800777684
0.067,0.41560537327130187
0.068,0.41536497952197426
0.069,0.41512460404124985
0.07,0.4148842331839381
0.071,0.4146438385989567
0.072,0.4144034479681042
0.073,0.41416308364067744
0.074,0.41392270210085286
0.075,0.4136822792082459
0.076,0.4134419154486749
0.077,0.4132015023126489
0.078,0.4129611475644447
0.079,0.4127207330594654
0.08,0.4124804164585693
0.081,0.41223997475026236
0.082,0.4119996063649403
0.083,0.41175918980226023
0.084,0.4115188020165886
0.085,0.4112784471369705
0.086,0.4110381076037534
0.087,0.41079771523554237
0.088,0.4105573298128473
0.089,0.41031691327090836
0.09,0.41007654965866364
0.091,0.40983616366833814
0.092,0.40959580775116716
0.093,0.4093553665010955
0.094,0.4091149815522942
0.095,0.40887464935914924
0.096,0.40863418571182497
0.097,0.4083937762319029
0.098,0.4081534498272027
0.099,0.40791306825107265
0.1,0.4076726780557797
0.101,0.4074322563480685
0.102,0.40719191804042404
0.103,0.40695158384352353
0.104,0.40671114699113997
0.105,0.4064707634806749
0.106,0.40623043489094746
0.107,0.4059899924854653
0.108,0.4057496073239708
0.109,0.4055092484455654
0.11,0.4052688356917865
0.111,0.40502846126494746
0.112,0.4047880735767522
0.113,0.4045476940933583
0.114,0.404307343686453
0.115,0.404066911735489
0.116,0.40382653394428325
0.117,0.4035861947956386
0.118,0.40334561376642675
0.119,0.4031053780049001
0.12,0.4028649919078566
0.121,0.40262460693096197
0.122,0.40238422028363496
0.123,0.4021438404742205
0.124,0.40190345449423637
0.125,0.4016630694287476
0.126,0.4014225765341551
0.127,0.4011823005299082
0.128,0.40094191569773113
0.129,0.4007015294939087
0.13,0.400461146341824
0.131,0.40022076457299016
0.132,0.39998038008732445
0.133,0.3997399890755057
0.134,0.3994996106248919
0.135,0.3992592260005401
0.136,0.39901892954438956
0.137,0.3987784550906169
0.138,0.3985380672878959
0.139,0.39829768435063506
0.14,0.39805729953500385
0.141,0.3978169186758056
0.142,0.39757652950104433
0.143,0.39733597993845243
0.144,0.3970957585699643
0.145,0.3968551355846722
0.146,0.3966149988253188
0.147,0.3963746103588175
0.148,0.3961342163839549
0.149,0.3958939891215632
0.15,0.3956532338331081
0.151,0.39541306562342937
0.152,0.3951724010958322
0.153,0.3949322999494988
0.154,0.39469160998429986
0.155,0.39445153532248084
0.156,0.39421114718021816
0.157,0.39397082837447184
0.158,0.39373011017351583
0.159,0.39348999455139716
0.16,0.39324961047129353
0.161,0.3930092264732702
0.162,0.3927688386249414
0.163,0.39252912049861266
0.164,0.39228771642798266
0.165,0.3920473071616129
0.166,0.391806886201087
0.167,0.39156655066443524
0.168,0.3913262166928209
0.169,0.3910869704581739
0.17,0.3908457632360467
0.171,0.3906053761924117
0.172,0.3903644649050118
0.173,0.3901246074652194
0.174,0.3898839653227128
0.175,0.3896447572394984
0.176,0.3894034575603579
0.177,0.3891630746367365
0.178,0.38892268471935937
0.179,0.3886822996762167
0.18,0.3884415229603678
0.181,0.3882026227653562
0.182,0.38796114832317036
0.183,0.38772075167986975
0.184,0.38748037104383937
0.185,0.3872399952985319
0.186,0.3869996063970301
0.187,0.38675874953598244
0.188,0.3865181958515107
0.189,0.3862784535704562
0.19,0.38603726731265
0.191,0.3857969832499641
0.192,0.3855565020283712
0.193,0.38531740319939883
0.194,0.385075720915922
0.195,0.38483735024699495
0.196,0.3845942761272685
0.197,0.38435440584103775
0.198,0.38411499512473685
0.199,0.38387369135605526
0.2,0.38363551752295294
0.201,0.3833936987724158
0.202,0.3831527530889522
0.203,0.3829120974958462
0.204,0.38267163561311823
0.205,0.3824331261596349
0.206,0.3821910464129693
0.207,0.38195152690987677
0.208,0.3817111458371945
0.209,0.3814707609298899
0.21,0.38122929701167024
0.211,0.3809890103339432
0.212,0.3807505883174644
0.213,0.38051019939076963
0.214,0.38026986972172033
0.215,0.38002757594386244
0.216,0.37978719583582415
0.217,0.3795482000775706
0.218,0.3793061970641589
0.219,0.3790675152128022
0.22,0.37882712721952744
0.221,0.37858482973219226
0.222,0.3783447460099319
0.223,0.37810433932932613
0.224,0.3778636580894792
0.225,0.377622901938457
0.226,0.3773842281632909
0.227,0.3771438433074523
0.228,0.37690346233333705
0.229,0.3766630640529559
0.23,0.37641988927274583
0.231,0.37618229977062373
0.232,0.37594007227898596
0.233,0.37570152940036095
0.234,0.37546220599444036
0.235,0.37521929219040506
0.236,0.3749790567088699
0.237,0.3747410942461393
0.238,0.3745007505701918
0.239,0.3742576161524495
0.24,0.3740198608651943
0.241,0.37377950568231977
0.242,0.3735392414634224
0.243,0.37329886353623964
0.244,0.37305854347529127
0.245,0.372816914585859
0.246,0.37257652964137805
0.247,0.3723342531152416
0.248,0.3720957649210887
0.249,0.37185378783275064
0.25,0.3716134523980227
0.251,0.3713728814077625
0.252,0.3711350668139673
0.253,0.3708921092559642
0.254,0.37065139768435823
0.255,0.37041306836749877
0.256,0.3701726827523145
0.257,0.36993075004053616
0.258,0.36969191273586105
0.259,0.3694515267588977
0.26,0.3692111414848391
0.261,0.36896834486687186
0.262,0.3687326592217743
0.263,0.3684923336107909
0.264,0.3682472271484112
0.265,0.36800921731939906
0.266,0.36776884100170515
0.267,0.36752845622552277
0.268,0.3672863640405013
0.269,0.3670476821181829
0.27,0.36680729403214285
0.271,0.3665669182593234
0.272,0.36632969303291796
0.273,0.3660898350655719
0.274,0.3658478205310068
0.275,0.36560309981816363
0.276,0.36536499003751993
0.277,0.3651257928750642
0.278,0.3648823768286932
0.279,0.3646451147593237
0.28,0.36440255210745937
0.281,0.36416306980440516
0.282,0.36392046562481983
0.283,0.3636822961988974
0.284,0.3634404193931873
0.285,0.36320295922194057
0.286,0.36296429748391906
0.287,0.3627257553836616
0.288,0.3624803772659173
0.289,0.3622413755129147
0.29,0.36199857880131314
0.291,0.36176068186680854
0.292,0.36151967966077014
0.293,0.3612793393653687
0.294,0.3610395045778475
0.295,0.3607976818331057
0.296,0.36055730391748825
0.297,0.36031691542932476
0.298,0.3600765305183052
0.299,0.35983405031103016
0.3,0.35959576100449026
0.301,0.35935537470301127
0.302,0.3591149867592288
0.303,0.358874608236245
0.304,0.35863190669720685
0.305,0.3583934412936729
0.306,0.35815281093843065
0.307,0.35791306910464765
0.308,0.3576726849976876
0.309,0.3574322999849496
0.31,0.35719191536000916
0.311,0.3569532575710146
0.312,0.35671146983798574
0.313,0.356467312230196
0.314,0.3562303777663342
0.315,0.35598999417078425
0.316,0.3557496078796637
0.317,0.3555092261953065
0.318,0.3552688373809947
0.319,0.3550281841542525
0.32,0.3547880700217989
0.321,0.3545456061142628
0.322,0.3543085092286854
0.323,0.35406691611591345
0.324,0.3538265318609487
0.325,0.35358708741249567
0.326,0.3533457588573922
0.327,0.35310890131932554
0.328,0.3528608493226801
0.329,0.3526270455236968
0.33,0.35238449804515337
0.331,0.352140872707814
0.332,0.35190609873003137
0.333,0.3516640866327135
0.334,0.35142268115266956
0.335,0.35118213234642776
0.336,0.3509433717360203
0.337,0.3507024519914228
0.338,0.35046585230971145
0.339,0.3502194608084007
0.34,0.34998037485656935
0.341,0.34974056732083525
0.342,0.34949960800713964
0.343,0.34925878174243014
0.344,0.34901939984657776
0.345,0.34877845351825537
0.346,0.3485380693692547
0.347,0.34829768464193384
0.348,0.3480571802938801
0.349,0.34781708901467706
0.35,0.3475766292360563
0.351,0.34733612964976546
0.352,0.34708797128527497
0.353,0.3468551963740405
0.354,0.34661499329585055
0.355,0.3463733583734006
0.356,0.3461348206634041
0.357,0.34589427672001477
0.358,0.34565345118404117
0.359,0.34541307201618204
0.36,0.34517119429095156
0.361,0.34493180792507966
0.362,0.3446922787088792
0.363,0.3444510523668121
0.364,0.3442111393978891
0.365,0.34397182616540484
0.366,0.3437303681828761
0.367,0.34348839918105445
0.368,0.34324926750280865
0.369,0.343009223357958
0.37,0.3427688391063079
0.371,0.3425284585765097
0.372,0.3422885106387214
0.373,0.3420480327182277
0.374,0.34180718952844674
0.375,0.34156770649530654
0.376,0.3413250175779096
0.377,0.3410858600075424
0.378,0.34084576799893457
0.379,0.3406048366361019
0.38,0.3403659283417386
0.381,0.34012264614659476
0.382,0.33988268363395696
0.383,0.3396448327769417
0.384,0.3394063193134703
0.385,0.3391648288369279
0.386,0.3389242931506538
0.387,0.33868542362594783
0.388,0.33843987922633806
0.389,0.33820200665958877
0.39,0.33796006679301543
0.391,0.33771981159242304
0.392,0.3374811006204027
0.393,0.33723998729247995
0.394,0.33699903660634317
0.395,0.3367586558267923
0.396,0.33651871096727365
0.397,0.3362784638816839
0.398,0.33603881243387185
0.399,0.3357996433058449
0.4,0.33555563974773167
0.401,0.3353184013938035
0.402,0.33507451395738996
0.403,0.33483427631452994
0.404,0.3345939122071129
0.405,0.3343541381757632
0.406,0.3341175576289079
0.407,0.3338757109501673
0.408,0.3336303737958216
0.409,0.33339728833059207
0.41,0.3331550865229089
0.411,0.33291822931565807
0.412,0.33267374188364196
0.413,0.3324330953284297
0.414,0.33219406279553293
0.415,0.33195015402335815
0.416,0.3317078230965202
0.417,0.33147778949904855
0.418,0.3312266776585202
0.419,0.33099398196808855
0.42,0.33075440969874637
0.421,0.3305074892492981
0.422,0.3302663358029087
0.423,0.33002600323786335
0.424,0.3297961114815158
0.425,0.329550395420043
0.426,0.3293097640697754
0.427,0.32906339473397866
0.428,0.3288288688126837
0.429,0.3285713036550119
0.43,0.3283470284186277
0.431,0.3280997881685839
0.432,0.3278739193664628
0.433,0.32763932385696704
0.434,0.32737776208331515
0.435,0.32715440523794226
0.436,0.32689586100759294
0.437,0.3266650985885426
0.438,0.3264291616198027
0.439,0.3261939311752073
0.44,0.3259281430525421
0.441,0.32570087376010454
0.442,0.3254522238081566
0.443,0.3252245475208234
0.444,0.3250037885911743
0.445,0.32473960697093845
0.446,0.3244883788563404
0.447,0.3243072628554592
0.448,0.3240089721706664
0.449,0.32381334059212363
0.45,0.38501997672952154
0.451,0.3850200128732096
0.452,0.3850200017135633
0.453,0.38501998897230116
0.454,0.38501998450758246
0.455,0.3850199907757424
0.456,0.3850200117743857
0.457,0.3850199543987273
0.458,0.3850199257133456
0.459,0.38502002127688856
0.46,0.38501996314668185
0.461,0.3850199852527164
0.462,0.38502001441884415
0.463,0.3850199746844036
0.464,0.3850199858462717
0.465,0.38501995771390785
0.466,0.38501996279684386
0.467,0.3850199888299498
0.468,0.3850199946340635
0.469,0.38501999885529314
0.47,0.3850199930306562
0.471,0.38501998436398527
0.472,0.38501984564732433
0.473,0.38501998130366377
0.474,0.385020139633316
0.475,0.38501993575040216
0.476,0.38501995667603356
0.477,0.38501998371769336
0.478,0.3850199615412646
0.479,0.38501998422265743
0.48,0.385019982864742
0.481,0.3850199974199482
0.482,0.38501990235773564
0.483,0.3850199721292844
0.484,0.3850199874880767
0.485,0.38502006316505605
0.486,0.3850199873110622
0.487,0.3850199860208789
0.488,0.385020046344707
0.489,0.3850199908788628
0.49,0.38502032456493157
0.491,0.3850199740699936
0.492,0.3850199284047257
0.493,0.3850198929697179
0.494,0.38501994526785543
0.495,0.3850201354816776
0.496,0.38501990371467665
0.497,0.38502011718938695
0.498,0.3850199309616537
0.499,0.38502013290800824
0.5,0.3850199858268494
0.501,0.38502014206012575
0.502,0.38501998950691274
0.503,0.38501991618503373
0.504,0.38502015057449035
0.505,0.38501998995101594
0.506,0.3850199222028191
0.507,0.38501989346538334
0.508,0.3850199852701239
0.509,0.3850200846471398
0.51,0.3850199884275927
0.511,0.3850199057009847
0.512,0.38501987479689925
0.513,0.38501998571255786
0.514,0.3850199840135663
0.515,0.385019987440943
0.516,0.38501965020541534
0.517,0.3850199878065572
0.518,0.38501998803278836
0.519,0.3850199889655619
0.52,0.38501990179386836
0.521,0.3850193751062883
0.522,0.3850198114070575
0.523,0.38502027539728323
0.524,0.385019987884156
0.525,0.38501984626135705
0.526,0.38501983358597824
0.527,0.38502031256609104
0.528,0.3850199875566391
0.529,0.38501999052321567
0.53,0.38501998811389604
0.531,0.3850199912981414
0.532,0.38502003126896295
0.533,0.38501998757794015
0.534,0.3850199873175396
0.535,0.38502035288442266
0.536,0.3850199876896921
0.537,0.3850198113741188
0.538,0.3850204036049976
0.539,0.38501998673589205
0.54,0.3850199883539409
0.541,0.3850199871310199
0.542,0.38502041190098707
0.543,0.385019984501724
0.544,0.3850204227640443
0.545,0.38501998781180635
0.546,0.3850193239991682
0.547,0.3850199880820698
0.548,0.38501977805260035
0.549,0.38502046505948656
0.55,0.38502046630939796
0.551,0.3850199873344112
0.552,0.3850205034479831
0.553,0.38501998840338764
0.554,0.38502052046355023
0.555,0.38502052900002764
0.556,0.3850199914114082
0.557,0.3850199860924842
0.558,0.38502121233399206
0.559,0.38502056877320034
0.56,0.3850203510699694
0.561,0.38501998577362
0.562,0.38501998978972635
0.563,0.3850199904981322
0.564,0.3850199868746331
0.565,0.38501896967185967
0.566,0.3850206209196744
0.567,0.38501998714470625
0.568,0.3850206918790552
0.569,0.38501998815375693
0.57,0.38502034507678634
0.571,0.38501998601857074
0.572,0.38501935557945915
0.573,0.38501998629440726
0.574,0.38501998494984047
0.575,0.3850199907343142
0.576,0.38501933140501876
0.577,0.3850191806072509
0.578,0.38501998689575806
0.579,0.3850199844601067
0.58,0.38501914459428754
0.581,0.3850191581313617
0.582,0.38501912948971756
0.583,0.38501998712040525
0.584,0.3850199783477443
0.585,0.3850199874046642
0.586,0.3850199846635757
0.587,0.38501999139147225
0.588,0.3850192266299954
0.589,0.38501998625387446
0.59,0.3850199865314357
0.591,0.38501998059556
0.592,0.38501902986561226
0.593,0.38501998325405307
0.594,0.38502066368801546
0.595,0.3850204584989578
0.596,0.3850204896333969
0.597,0.38502045998074447
0.598,0.3850207478799885
0.599,0.3850193132578662
0.6,0.3850190194164516
0.601,0.3850192615376572
0.602,0.385018977514062
0.603,0.38501998699076473
0.604,0.3850206687039274
0.605,0.38502080912499087
0.606,0.38501926444305934
0.607,0.3850209584932971
0.608,0.38501998670452564
0.609,0.3850205331485793
0.61,0.3850190988306799
0.611,0.3850204885552068
0.612,0.38501998673314003
0.613,0.38501899274316165
0.614,0.3850199865175176
0.615,0.3850190034574515
0.616,0.3850189452982095
0.617,0.38501998687940975
0.618,0.38501899949441243
0.619,0.3850199870229708
0.62,0.38501928027776733
0.621,0.38501998692679296
0.622,0.3850207589835333
0.623,0.3850205612753209
0.624,0.38501916783366247
0.625,0.38502050103155905
0.626,0.3850189769025109
0.627,0.38501894408874865
0.628,0.385019987020952
0.629,0.3850190051658354
0.63,0.3850189939978336
0.631,0.38501899218004165
0.632,0.38501899078412377
0.633,0.38501898905889703
0.634,0.3850189872693437
0.635,0.3850199873965407
0.636,0.38502085532428904
0.637,0.38501898130367507
0.638,0.3850208496899508
0.639,0.38501898069094637
0.64,0.38502084890160815
0.641,0.38501897747748837
0.642,0.3850189445472976
0.643,0.3850209326350872
0.644,0.3850190750806708
0.645,0.3850207627095237
0.646,0.38502085442465234
0.647,0.38501897735050006
0.648,0.38502083630214035
0.649,0.385018984821234
0.65,0.38501897942447755
0.651,0.38502080371232
0.652,0.38501998817962235
0.653,0.3850199876209573
0.654,0.3850189364003283
0.655,0.3850192145111388
0.656,0.38501897203774915
0.657,0.3850207791196986
0.658,0.3850191600271253
0.659,0.38501963090324526
0.66,0.38501901297872476
0.661,0.38501891991650405
0.662,0.3850189233517088
0.663,0.38501894190062147
0.664,0.385019987033614
0.665,0.3850189504286583
0.666,0.3850189510692371
0.667,0.3850199871792151
0.668,0.38501895059200414
0.669,0.38501894964815614
0.67,0.3850189486191618
0.671,0.38502098970869597
0.672,0.38501894462300457
0.673,0.3850199871500713
0.674,0.38502085137688774
0.675,0.3850207277391706
0.676,0.3850206021108356
0.677,0.385020589336179
0.678,0.3850189847053256
0.679,0.38501900942726536
0.68,0.3850205822362903
0.681,0.385018974017703
0.682,0.3850199863704998
0.683,0.3850199864210413
0.684,0.3850189349160449
0.685,0.38502071840222196
0.686,0.3850189228402613
0.687,0.38502073435186956
0.688,0.38502072058885584
0.689,0.3850188938797514
0.69,0.38502076290817894
0.691,0.3850199887711486
0.692,0.3850188706413816
0.693,0.3850209367439446
0.694,0.38501885345928005
0.695,0.3850188525541249
0.696,0.3850188518166646
0.697,0.3850207986124708
0.698,0.38501885031191124
0.699,0.38501998702850987
0.7,0.3850199869874425
0.701,0.38502085638861455
0.702,0.38501920807734175
0.703,0.3850189396566995
0.704,0.3850208566394897
0.705,0.3850209691039564
0.706,0.3850189423603205
0.707,0.3850209696645796
0.708,0.3850208574414126
0.709,0.385019207261738
0.71,0.38502090623263513
0.711,0.3850190577745804
0.712,0.38501902736636623
0.713,0.385019268498959
0.714,0.38501901812586675
0.715,0.3850210804683022
0.716,0.38501900852185117
0.717,0.3850190033712606
0.718,0.3850199871003344
0.719,0.3850189863363797
0.72,0.38501898100324733
0.721,0.3850210090799119
0.722,0.38501796795753623
0.723,0.3850199864458954
0.724,0.3850208164028106
0.725,0.3850207833051371
0.726,0.3850189370430121
0.727,0.38502061187792685
0.728,0.3850190104246479
0.729,0.3850191345848798
0.73,0.38502060557759993
0.731,0.38501900045609844
0.732,0.3850205484162775
0.733,0.3850189942364308
0.734,0.38501899264408485
0.735,0.38502059779190856
0.736,0.3850205968422165
0.737,0.38501998595426085
0.738,0.3850189824043329
0.739,0.38501898064541135
0.74,0.3850205439266893
0.741,0.3850189767982439
0.742,0.38501998593691955
0.743,0.38502072873625404
0.744,0.3850189687518369
0.745,0.38502072492141837
0.746,0.38502072263021586
0.747,0.3850189580417874
0.748,0.3850189547741706
0.749,0.3850205781037843
0.75,0.3850205767532197
0.751,0.38502057453918986
0.752,0.3850190227639463
0.753,0.3850207117069745
0.754,0.38502057143132457
0.755,0.38502057120787536
0.756,0.385019985838147
0.757,0.3850205704331438
0.758,0.3850199858478152
0.759,0.38502072073400495
0.76,0.38502056805988083
0.761,0.38501923475632216
0.762,0.38501890412376594
0.763,0.38501998711208646
0.764,0.3850199870149706
0.765,0.38502112108902026
0.766,0.3850188968113175
0.767,0.38501895397966185
0.768,0.3850208981372441
0.769,0.3850207654798579
0.77,0.38501886148398173
0.771,0.3850199883052628
0.772,0.38502089833483605
0.773,0.38502088708232474
0.774,0.3850188670194063
0.775,0.38502074341976067
0.776,0.38501886577612543
0.777,0.38502074502499384
0.778,0.3850207450273121
0.779,0.3850188641282847
0.78,0.3850188635966208
0.781,0.38501886304515415
0.782,0.38501894301737
0.783,0.3850208848642536
0.784,0.38501886168856825
0.785,0.38502088595163036
0.786,0.3850189412026515
0.787,0.38501886056864615
0.788,0.3850207521185516
0.789,0.38501893957551914
0.79,0.3850188570493752
0.791,0.385018863422167
0.792,0.38501890278216644
0.793,0.3850199866436416
0.794,0.38501894412362553
0.795,0.3850207171349481
0.796,0.38501998694023043
0.797,0.38502084842460826
0.798,0.38501893227343387
0.799,0.38502069957801205
0.8,0.38501894889570015
0.801,0.38501895284891946
0.802,0.38501895169270783
0.803,0.38501914575827145
0.804,0.38502100125737865
0.805,0.3850188668242451
0.806,0.38501919890265673
0.807,0.3850191984748234
0.808,0.3850188657112459
0.809,0.38501886506621735
0.81,0.3850188646293657
0.811,0.3850188643687779
0.812,0.3850188639890327
0.813,0.38501998713449437
0.814,0.3850210001420263
0.815,0.3850199871293185
0.816,0.385018982861593
0.817,0.3850188934521366
0.818,0.38502077050868566
0.819,0.38501889601789896
0.82,0.3850207715900571
0.821,0.38502063180235824
0.822,0.38501998617971916
0.823,0.38502063233558365
0.824,0.38502077376659266
0.825,0.3850188954087808
0.826,0.38501998617251293
0.827,0.3850199863137845
0.828,0.38502077440276583
0.829,0.3850188902492327
0.83,0.385020774251099
0.831,0.38501998695129797
0.832,0.38502077503277793
0.833,0.38501888556165653
0.834,0.3850188851322269
0.835,0.38502063406606357
0.836,0.38502063465489444
0.837,0.38501888402104467
0.838,0.38501888624547903
0.839,0.38502077829531944
0.84,0.38502077912640437
0.841,0.3850207798662991
0.842,0.3850191273122803
0.843,0.3850206408086221
0.844,0.3850199869727591
0.845,0.38502078427588593
0.846,0.3850207800207399
0.847,0.38501998695628536
0.848,0.3850207871564415
0.849,0.385020788171031
0.85,0.3850207887620505
0.851,0.38501998620871153
0.852,0.3850190061488815
0.853,0.3850206499489647
0.854,0.385020651069717
0.855,0.3850207948477418
0.856,0.38502065294281806
0.857,0.38501890492964014
0.858,0.3850189048473895
0.859,0.385018904144308
0.86,0.38501890399376637
0.861,0.3850189035159449
0.862,0.3850208025789808
0.863,0.3850189018319989
0.864,0.38501890092179736
0.865,0.3850189004764074
0.866,0.38502066286981407
0.867,0.38501900918041404
0.868,0.3850206640747378
0.869,0.38501998625532446
0.87,0.38501881953973466
0.871,0.38501998626044376
0.872,0.3850189877377399
0.873,0.3850208114478271
0.874,0.38502066896738213
0.875,0.3850206700787205
0.876,0.3850189880216313
0.877,0.3850206716601324
0.878,0.3850206723600974
0.879,0.3850189890266877
0.88,0.3850199878826854
0.881,0.3850206769708691
0.882,0.3850206785110863
0.883,0.3850190966093629
0.884,0.38502086035674044
0.885,0.385018742861996
0.886,0.385021012300152
0.887,0.38501998920695163
0.888,0.3850208652574915
0.889,0.3850210159820161
0.89,0.3850187416278523
0.891,0.3850199871222124
0.892,0.3850210201050592
0.893,0.385019058539459
0.894,0.3850190982050832
0.895,0.3850190984039548
0.896,0.3850190589100379
0.897,0.38502102682047395
0.898,0.38502102795266613
0.899,0.3850199871632276
0.9,0.3850187392992955
0.901,0.3850199871741997
0.902,0.3850187395121719
0.903,0.38501910015807905
0.904,0.38501873906989326
0.905,0.3850208866605611
0.906,0.3850187388577184
0.907,0.3850187537458393
0.908,0.38502089035932113
0.909,0.38501875404125513
0.91,0.38501910167716125
0.911,0.38502109714026583
0.912,0.3850186611400571
0.913,0.3850186658133083
0.914,0.3850199887417267
0.915,0.3850199833385565
0.916,0.38501998649312447
0.917,0.38501833297588206
0.918,0.3850199870391859
0.919,0.38501880251005743
0.92,0.38501998654285874
0.921,0.38501998655256253
0.922,0.3850188000738139
0.923,0.38501880039165265
0.924,0.3850199869633952
0.925,0.3850199887459405
0.926,0.38501865924640133
0.927,0.385021094462978
0.928,0.38502108174591226
0.929,0.3850186285750136
0.93,0.38501998568630824
0.931,0.3850210726621757
0.932,0.3850186241000896
0.933,0.3850199899976236
0.934,0.38501875739409713
0.935,0.38501877049063793
0.936,0.38501889205573775
0.937,0.3850210992844991
0.938,0.38501889614989565
0.939,0.38501877771399745
0.94,0.38502096616512665
0.941,0.3850206771854285
0.942,0.38501876162177134
0.943,0.38501998614629934
0.944,0.38501998627130174
0.945,0.385018795873679
0.946,0.38501998695535516
0.947,0.38501998693414463
0.948,0.3850187521941593
0.949,0.3850191442690386
0.95,0.3850199886202868
0.951,0.3850213491332441
0.952,0.3850213554556219
0.953,0.38502135909656754
0.954,0.38501893317189123
0.955,0.3850199862260806
0.956,0.3850206384897724
0.957,0.3850187465286707
0.958,0.3850199888199801
0.959,0.38502082730290693
0.96,0.3850199860964393
0.961,0.3850199871633362
0.962,0.3850208720207102
0.963,0.38502088912043164
0.964,0.38502087482216363
0.965,0.38502071025284346
0.966,0.38501998695408224
0.967,0.38501874553008664
0.968,0.3850199870613117
0.969,0.3850207602501857
0.97,0.3850188514519392
0.971,0.38501869117988163
0.972,0.3850199864874631
0.973,0.3850199867116207
0.974,0.3850187348649553
0.975,0.38501875296952626
0.976,0.38501998709118407
0.977,0.38501863370661665
0.978,0.38501863331723396
0.979,0.38501863343900417
0.98,0.38501998557692063
0.981,0.38501999044898616
0.982,0.38501863170339135
0.983,0.3850190231322303
0.984,0.3850190994096923
0.985,0.3850199858190822
0.986,0.3850199869582477
0.987,0.3850188403968934
0.988,0.38502086191992535
0.989,0.38501897428157644
0.99,0.38501891391922066
0.991,0.38501893087228106
0.992,0.3850206460667278
0.993,0.38501895865121416
0.994,0.3850206799235374
0.995,0.3850199864172065
0.996,0.3850199875367992
0.997,0.3850191019444867
0.998,0.38501891216994466
0.999,0.3850192255870971
1.0,0.38501893804495446
1.001,0.38501905729366603
1.002,0.3850199872313413
1.003,0.38502064597270663
1.004,0.3850187345826962
1.005,0.3850190964703601
1.006,0.385018734022277
1.007,0.3850187338474064
1.008,0.38501998840444285
1.009,0.3850199878521702
1.01,0.3850199862552383
1.011,0.3850190935963585
1.012,0.38501877088342945
1.013,0.3850211436969596
1.014,0.3850209952448097
1.015,0.38501911661292637
1.016,0.38501998683791444
1.017,0.3850206999619369
1.018,0.38501998721583786
1.019,0.385020694707065
1.02,0.3850192257110489
1.021,0.38501877984437965
1.022,0.3850220350411163
1.023,0.38502203828285597
1.024,0.38501998709119695
1.025,0.3850220446299449
1.026,0.3850186185426658
1.027,0.3850211127353073
1.028,0.38501999046380847
1.029,0.38501998715844743
1.03,0.3850187055328779
1.031,0.38501862003748905
1.032,0.38501998746552135
1.033,0.3850205894656034
1.034,0.38501898317389865
1.035,0.3850208251789713
1.036,0.38502092316341074
1.037,0.3850206017411358
1.038,0.3850186797887751
1.039,0.38502208439229096
1.04,0.3850186226481677
1.041,0.3850211300906529
1.042,0.3850211321369089
1.043,0.38501752314583015
1.044,0.38502113531725074
1.045,0.38501998729744624
1.046,0.38501998648065944
1.047,0.3850199873316193
1.048,0.3850186227234255
1.049,0.3850186229827448
1.05,0.38501862332784287
1.051,0.38501862414983956
1.052,0.3850187075492736
1.053,0.38501870769570484
1.054,0.38501902975786834
1.055,0.38501998571077867
1.056,0.3850199840986764
1.057,0.38501998681597377
1.058,0.3850208418623993
1.059,0.3850199839301732
1.06,0.3850199838764343
1.061,0.3850199838239183
1.062,0.38501876889651143
1.063,0.3850188894540785
1.064,0.3850188886236216
1.065,0.3850206870853917
1.066,0.3850188864130994
1.067,0.3850206264238074
1.068,0.3850199862095217
1.069,0.3850199864341254
1.07,0.3850207285068794
1.071,0.38502087893572534
1.072,0.38502072857608605
1.073,0.38502072914545765
1.074,0.3850208799824419
1.075,0.3850207298464856
1.076,0.38502073052881103
1.077,0.38502088134360746
1.078,0.38501998628886297
1.079,0.3850199869405441
1.08,0.3850188485737313
1.081,0.3850207323535922
1.082,0.385018847049265
1.083,0.38502088391983225
1.084,0.3850188474017214
1.085,0.3850207338808876
1.086,0.38501896226798893
1.087,0.38501884644880247
1.088,0.38501998629421835
1.089,0.3850188457428992
1.09,0.3850207357292821
1.091,0.38501884514690105
1.092,0.3850189765271937
1.093,0.3850188445707322
1.094,0.38501998695146
1.095,0.3850199863075803
1.096,0.3850189415471561
1.097,0.38502075093263416
1.098,0.3850199875524261
1.099,0.38501907824067355
1.1,0.3850199864684957
1.101,0.3850189298203169
1.102,0.38502113804139587
1.103,0.38501998768748263
1.104,0.3850189805380362
1.105,0.38502076572813854
1.106,0.3850187455257312
1.107,0.3850209461133092
1.108,0.3850187458538744
1.109,0.38501912721275117
1.11,0.3850189503825576
1.111,0.38501893857728836
1.112,0.3850189245034198
1.113,0.3850186632293118
1.114,0.3850199876946034
1.115,0.3850211441000542
1.116,0.3850206780480647
1.117,0.38502068113750737
1.118,0.38502116008695103
1.119,0.38501998736064924
1.12,0.3850199859735794
1.121,0.38501998229101314
1.122,0.3850207974466938
1.123,0.38501998860586706
1.124,0.3850199865477815
1.125,0.3850209560558631
1.126,0.38502080705564834
1.127,0.38501998686281036
1.128,0.3850199866903439
1.129,0.3850199875082836
1.13,0.38501883169593176
1.131,0.3850189367211196
1.132,0.38502088287883784
1.133,0.385018974692916
1.134,0.3850188627610899
1.135,0.38501998755781275
1.136,0.3850188017295058
1.137,0.3850199867229704
1.138,0.3850187687227665
1.139,0.3850199868156151
1.14,0.3850208026735799
1.141,0.3850187659195883
1.142,0.38501876877944696
1.143,0.38502112399514743
1.144,0.385020610743337
1.145,0.3850188889337097
1.146,0.3850211303423265
1.147,0.38502106432982147
1.148,0.38501876828490694
1.149,0.38502110695140246
1.15,0.3850205878943726
1.151,0.3850187983015874
1.152,0.38502060463191534
1.153,0.38502076798436213
1.154,0.38501882337953736
1.155,0.385021081929496
1.156,0.38501874526526436
1.157,0.3850209962660282
1.158,0.38502100425900565
1.159,0.38501875358185744
1.16,0.3850190661136307
1.161,0.3850199870619003
1.162,0.38501877694128617
1.163,0.38502104617470334
1.164,0.3850199883463909
1.165,0.38501891910775315
1.166,0.3850187898632034
1.167,0.38502108025882803
1.168,0.3850188075993878
1.169,0.3850182841564245
1.17,0.385018815426753
1.171,0.3850209109689666
1.172,0.3850188060439382
1.173,0.3850199872778918
1.174,0.38502091066461064
1.175,0.38501998715603875
1.176,0.38502106959257837
1.177,0.38501866602531293
1.178,0.3850199868961924
1.179,0.38502091344150613
1.18,0.3850209140031377
1.181,0.38501963399900213
1.182,0.3850200610424536
1.183,0.3850200329042132
1.184,0.3850201157704471
1.185,0.3850203546596154
1.186,0.3850206530991008
1.187,0.3850199849640615
1.188,0.3850210291386993
1.189,0.38502103815485106
1.19,0.3850209001554495
1.191,0.3850187224949119
1.192,0.3850199870098122
1.193,0.3850202199144917
1.194,0.38501875801391866
1.195,0.38502089024685043
1.196,0.3850211505674465
1.197,0.38501876280985764
1.198,0.38502071916026687
1.199,0.3850187316728424
1.2,0.38501998957853906
1.201,0.38501999682707383
1.202,0.38501999065488723
1.203,0.3850184664686921
1.204,0.3850211334986906
1.205,0.3850185544741459
1.206,0.3850186025214528
1.207,0.38501775821174167
1.208,0.38501786034273744
1.209,0.38501998774634705
1.21,0.3850189185882493
1.211,0.3850224706211173
1.212,0.3850199884600379
1.213,0.3850199856012593
1.214,0.385022545488406
1.215,0.3850199864329829
1.216,0.3850215396807897
1.217,0.3850187103466599
1.218,0.3850199833177958
1.219,0.38501870879545874
1.22,0.38501998699317186
1.221,0.38502075760846316
1.222,0.3850189678094546
1.223,0.3850192295159078
1.224,0.3850189183427213
1.225,0.3850188459141528
1.226,0.3850187807991722
1.227,0.3850186784898191
1.228,0.38501896726700596
1.229,0.38502083635907824
1.23,0.3850199870440288
1.231,0.3850186452040661
1.232,0.38502062454632974
1.233,0.38501918798125473
1.234,0.3850185896193546
1.235,0.3850208731760734
1.236,0.3850187960299865
1.237,0.3850199862329102
1.238,0.38501877410654756
1.239,0.3850187653748342
1.24,0.38501998738545873
1.241,0.3850189428953109
1.242,0.3850199865849621
1.243,0.3850190580332965
1.244,0.3850186932318468
1.245,0.3850212148673479
1.246,0.38501871504373536
1.247,0.3850212674477207
1.248,0.38501763896689883
1.249,0.3850209073191341
1.25,0.3850209383222765
1.251,0.3850187599295634
1.252,0.38502082429341294
1.253,0.3850187683859201
1.254,0.38501904194332043
1.255,0.3850210182580539
1.256,0.38501875431497024
1.257,0.3850188232928512
1.258,0.3850209215963208
1.259,0.3850188465552268
1.26,0.38501872944123416
1.261,0.3850206850020077
1.262,0.3850191049928436
1.263,0.38501875169963423
1.264,0.3850211967991736
1.265,0.38502066814214453
1.266,0.3850206838982497
1.267,0.3850199863954762
1.268,0.38502071840036123
1.269,0.38502088560095515
1.27,0.3850199864155954
1.271,0.3850207626899442
1.272,0.38501998604257587
1.273,0.3850186783367518
1.274,0.3850199869284956
1.275,0.38501904588926483
1.276,0.3850206761694989
1.277,0.3850199916686193
1.278,0.38501999169304774
1.279,0.3850151455667718
1.28,0.3850199880797428
1.281,0.38502363764052894
1.282,0.3850199872321258
1.283,0.3850199870100275
1.284,0.38502186659951254
1.285,0.3850199865513921
1.286,0.3850186255599618
1.287,0.38501868207533996
1.288,0.3850199876596381
1.289,0.3850199861534142
1.29,0.3850189783030967
1.291,0.3850188020337
1.292,0.38501998736351667
1.293,0.3850199879550397
1.294,0.3850182442944103
1.295,0.3850206075939586
1.296,0.3850206108099719
1.297,0.3850206129393194
1.298,0.3850190755146275
1.299,0.38502077511303356
1.3,0.3850188127589709
1.301,0.385020625550664
1.302,0.38502078333342454
1.303,0.38501882273131977
1.304,0.38502063408704196
1.305,0.3850206375859715
1.306,0.38502079482180274
1.307,0.3850199866021066
1.308,0.3850208004204166
1.309,0.38501884237202433
1.31,0.3850189260684498
1.311,0.3850188479892623
1.312,0.38501885201816094
1.313,0.3850188576780154
1.314,0.3850206112367967
1.315,0.3850188670603729
1.316,0.38501887222302245
1.317,0.38501999335043413
1.318,0.3850199933365128
1.319,0.3850206870601451
1.32,0.38501998613042626
1.321,0.38501998615566735
1.322,0.3850208919331233
1.323,0.3850207226645622
1.324,0.38501901697968816
1.325,0.38501886645954914
1.326,0.38501998804484544
1.327,0.38501998603095783
1.328,0.38501998727615017
1.329,0.38501998817489763
1.33,0.38501998237331425
1.331,0.3850199790457334
1.332,0.38501875357848864
1.333,0.3850199845163118
1.334,0.3850199884000609
1.335,0.3850188628265916
1.336,0.3850199890888682
1.337,0.38501998754167815
1.338,0.3850188095828403
1.339,0.3850199853908456
1.34,0.38502102087902884
1.341,0.3850199880912968
1.342,0.3850186696490405
1.343,0.38501998619112054
1.344,0.3850199962002092
1.345,0.38502112822012335
1.346,0.385019011031865
1.347,0.3850207007286133
1.348,0.3850206956387461
1.349,0.3850179369677829
1.35,0.3850199875703565
1.351,0.3850199889999358
1.352,0.38501999644147716
1.353,0.38501998877071825
1.354,0.385019987055053
1.355,0.38501875562717586
1.356,0.38501865382426387
1.357,0.38502089852354976
1.358,0.38502060756882894
1.359,0.3850199978665105
1.36,0.3850221407255423
1.361,0.38501838328431054
1.362,0.38501999161488326
1.363,0.38501997837948143
1.364,0.3850189544930618
1.365,0.3850190162317446
1.366,0.3850213463126365
1.367,0.38501884657034796
1.368,0.3850199862419338
1.369,0.38501998970835566
1.37,0.3850199857504424
1.371,0.38501998990960423
1.372,0.3850199872962232
1.373,0.3850199876896814
1.374,0.3850190018392675
1.375,0.38501998768829193
1.376,0.3850212457058103
1.377,0.3850212606761529
1.378,0.3850188097177204
1.379,0.3850189405953019
1.38,0.3850207895392401
1.381,0.3850190397042029
1.382,0.38501998198573595
1.383,0.3850182232814984
1.384,0.38501998706789275
1.385,0.38502169975049694
1.386,0.38501998865737824
1.387,0.3850186845174086
1.388,0.385019017606556
1.389,0.3850187383224323
1.39,0.3850199898963044
1.391,0.38501998666484294
1.392,0.3850199894067727
1.393,0.38501882593922565
1.394,0.38501998704493035
1.395,0.38501998832582973
1.396,0.385018852020223
1.397,0.38502147916146406
1.398,0.3850199877194679
1.399,0.38501917025939103
1.4,0.38502082227645495
1.401,0.38501998691670564
1.402,0.385019984110535
1.403,0.3850199825844361
1.404,0.3850175256034719
1.405,0.38501998679814897
1.406,0.3850199851585258
1.407,0.38501779918593887
1.408,0.3850199898464092
1.409,0.385019990532452
1.41,0.3850199878448573
1.411,0.38501999937922526
1.412,0.3850203812827465
1.413,0.38501999458414854
1.414,0.38501998122241304
1.415,0.3850185901350716
1.416,0.38501998560675144
1.417,0.3850199817475336
1.418,0.38501645027133935
1.419,0.38501992959223347
1.42,0.3850161368044563
1.421,0.3850199843804624
1.422,0.3850199874389591
1.423,0.385019049937823
1.424,0.38501998618600203
1.425,0.38501998515143687
1.426,0.3850228381758982
1.427,0.385019814767441
1.428,0.3850199938400313
1.429,0.3850199875581738
1.43,0.38501678798388317
1.431,0.3850199860661447
1.432,0.3850230880967525
1.433,0.3850185429071832
1.434,0.38502311018531094
1.435,0.3850199862938177
1.436,0.3850199861026423
1.437,0.3850199818977588
1.438,0.38501999526640124
1.439,0.38501623332400736
1.44,0.3850162127270637
1.441,0.38502318576885775
1.442,0.38501998430151
1.443,0.38501847767691755
1.444,0.3850199947189105
1.445,0.3850232276987554
1.446,0.38502323771160124
1.447,0.3850166342029504
1.448,0.385022940100871
1.449,0.3850233377024626
1.45,0.38501998691070144
1.451,0.38502156761396905
1.452,0.3850199844576378
1.453,0.38501997844609953
1.454,0.3850180700200986
1.455,0.38501999042976304
1.456,0.385019987350706
1.457,0.38501923398010257
1.458,0.3850199860815132
1.459,0.3850199785303336
1.46,0.3850223396693842
1.461,0.3850223364072957
1.462,0.3850199909285191
1.463,0.38502110818102375
1.464,0.38501878500959397
1.465,0.38501893785637553
1.466,0.38501998694860345
1.467,0.3850199877382043
1.468,0.38501999352808763
1.469,0.385018691040605
1.47,0.3850199886996323
1.471,0.3850170113661552
1.472,0.385019989729548
1.473,0.38501607004705996
1.474,0.3850199912973532
1.475,0.3850233969159417
1.476,0.3850199911743435
1.477,0.38501841199594183
1.478,0.3850199926657791
1.479,0.38501998642733687
1.48,0.385019984062553
1.481,0.385018680310517
1.482,0.38501803456932554
1.483,0.3850199880686428
1.484,0.3850181910442566
1.485,0.38502198483347877
1.486,0.3850167689686082
1.487,0.3850199849314053
1.488,0.38501767055913527
1.489,0.385019986290989
1.49,0.3850199874002856
1.491,0.3850199874378179
1.492,0.3850199874878639
1.493,0.38502449306806447
1.494,0.3850199864926063
1.495,0.38501999065303233
1.496,0.385019986297961
1.497,0.3850199926486809
1.498,0.3850199903162933
1.499,0.3850199862623853
1.5,0.3850199870711434
1.501,0.3850173908743167
1.502,0.38501998721231817
1.503,0.3850199898905328
1.504,0.3850148911448253
1.505,0.3850165516119484
1.506,0.385019989573854
1.507,0.38501998685444727
1.508,0.385019985317626
1.509,0.38501998927342435
1.51,0.38501998492837736
1.511,0.3850200005805232
1.512,0.38501851260570197
1.513,0.385019985257067
1.514,0.3850199873130184
1.515,0.38501842437683687
1.516,0.3850178849546913
1.517,0.3850199870352466
1.518,0.38501998686168637
1.519,0.3850199864505108
1.52,0.3850199903560625
1.521,0.3850181197191636
1.522,0.3850207886733232
1.523,0.3850187410823346
1.524,0.38501998327276277
1.525,0.38501969587574386
1.526,0.3850169343856082
1.527,0.3850219826544529
1.528,0.38501855510215366
1.529,0.38501998715289043
1.53,0.38501879532591055
1.531,0.3850185425417851
1.532,0.3850199857843635
1.533,0.385019994003098
1.534,0.38501999078293353
1.535,0.38501998799659826
1.536,0.3850199876890102
1.537,0.3850199899472649
1.538,0.3850199837020682
1.539,0.3850199827289018
1.54,0.38501998478396865
1.541,0.3850199875638166
1.542,0.3850199910519507
1.543,0.3850195013717224
1.544,0.3850201973566205
1.545,0.38501998604110815
1.546,0.38501998802008836
1.547,0.38501999102167883
1.548,0.38502101064694627
1.549,0.3850199869834057
1.55,0.3850199916339602
1.551,0.3850199786784903
1.552,0.38501938149748505
1.553,0.3850211019962341
1.554,0.38501855102427734
1.555,0.3850199557762426
1.556,0.38501998736125287
1.557,0.385022832030675
1.558,0.38501998669323995
1.559,0.38501999215094146
1.56,0.3850185880315911
1.561,0.38501735920407176
1.562,0.3850199872451033
1.563,0.38501998721435116
1.564,0.38501798818160715
1.565,0.38501998733324516
1.566,0.3850199805550181
1.567,0.38501910900595404
1.568,0.3850213474597088
1.569,0.3850199878247893
1.57,0.3850199877013748
1.571,0.38501999084580235
1.572,0.385019987293864
1.573,0.3850188539664181
1.574,0.3850199873427581
1.575,0.38501877423798536
1.576,0.385019995984257
1.577,0.38501769151001103
1.578,0.38501765861687665
1.579,0.38501999172556645
1.58,0.38502047242263593
1.581,0.3850199870501874
1.582,0.3850199873081564
1.583,0.3850213209961518
1.584,0.38501998770176504
1.585,0.3850199851105357
1.586,0.3850199838001459
1.587,0.3850199886052181
1.588,0.3850204742997755
1.589,0.3850193365476651
1.59,0.3850199833386041
1.591,0.3850212766104329
1.592,0.3850163260234577
1.593,0.38501998359088085
1.594,0.3850199893803234
1.595,0.3850201111708831
1.596,0.385019987673151
1.597,0.3850199879845191
1.598,0.38501998955305156
1.599,0.38501998672947096
1.6,0.3850199850568749
1.601,0.38501998750722266
1.602,0.3850199784804923
1.603,0.38501998737509224
1.604,0.3850199894638404
1.605,0.3850199883323577
1.606,0.3850199875428622
1.607,0.3850199867721083
1.608,0.38501998655991554
1.609,0.38501998641240887
1.61,0.3850199911650291
1.611,0.3850199892099255
1.612,0.3850199865684993
1.613,0.38501837580657533
1.614,0.3850199914242886
1.615,0.38501998868857257
1.616,0.3850199872647944
1.617,0.3850199883060011
1.618,0.38501998664714987
1.619,0.3850199876611857
1.62,0.3850199885402664
1.621,0.385019987653977
1.622,0.3850211030984236
1.623,0.38501998709566476
1.624,0.38501998674888854
1.625,0.38501998646009766
1.626,0.3850176383450718
1.627,0.38502073271967413
1.628,0.3850199924139793
1.629,0.38502282857571285
1.63,0.3850199868946855
1.631,0.3850199885623142
1.632,0.38501998388875674
1.633,0.3850160119114174
1.634,0.3850175526984253
1.635,0.38501998679778776
1.636,0.3850199900188667
1.637,0.3850199985940292
1.638,0.3850199913684839
1.639,0.3850199900210463
1.64,0.3850194858521772
1.641,0.3850243127212855
1.642,0.3850177187130071
1.643,0.3850199858474502
1.644,0.38501998407739135
1.645,0.38502193723880096
1.646,0.38502058416094975
1.647,0.3850199896496131
1.648,0.3850199918651768
1.649,0.38501816518988996
1.65,0.3850199864237461
1.651,0.38501998954995353
1.652,0.3850206899944442
1.653,0.3850199844746004
1.654,0.38501998971973844
1.655,0.3850199856348117
1.656,0.38501999951480453
1.657,0.3850199900966372
1.658,0.3850171246049505
1.659,0.38501998836802775
1.66,0.3850199827363739
1.661,0.3850199884325034
1.662,0.385019373426766
1.663,0.3850199803930817
1.664,0.3850218046968645
1.665,0.3850199868256371
1.666,0.3850199867327252
1.667,0.3850199784199744
1.668,0.38501998511588825
1.669,0.3850199876913095
1.67,0.3850199887213283
1.671,0.3850199881423191
1.672,0.3850199869577725
1.673,0.3850204582238476
1.674,0.3850128375348076
1.675,0.38502380412916853
1.676,0.3850199885727278
1.677,0.3850212755398576
1.678,0.38501998671996107
1.679,0.38501999206221493
1.68,0.38501998862956954
1.681,0.3850199884570141
1.682,0.3850199867367487
1.683,0.38502000054408175
1.684,0.3850201578153725
1.685,0.3850215377681907
1.686,0.3850184206447007
1.687,0.3850199882069545
1.688,0.3850199876432832
1.689,0.38501999425123523
1.69,0.3850199871329584
1.691,0.38501886602616575
1.692,0.38501998692057104
1.693,0.38501851620414246
1.694,0.38501998741270316
1.695,0.38501999210905546
1.696,0.3850195388434755
1.697,0.38501998758397216
1.698,0.3850199903056501
1.699,0.3850199720415196
1.7,0.38501999515858004
1.701,0.38501998386892006
1.702,0.3850199870240416
1.703,0.38501583995232197
1.704,0.3850176552227582
1.705,0.3850199882282367
1.706,0.3850199877864392
1.707,0.3850199862146255
1.708,0.38501998378257807
1.709,0.3850199874664891
1.71,0.38502006348744033
1.711,0.3850199904168519
1.712,0.38501998720218594
1.713,0.3850199899422571
1.714,0.38501998705621193
1.715,0.3850199829934964
1.716,0.38501967142867044
1.717,0.3850205479357282
1.718,0.38501998696684087
1.719,0.38502139879460656
1.72,0.3850177707201701
1.721,0.3850175699528248
1.722,0.3850232260677965
1.723,0.38501998913765934
1.724,0.3850199855407324
1.725,0.3850186466279432
1.726,0.3850199785365009
1.727,0.38501999290294103
1.728,0.38501998692955514
1.729,0.3850199841612385
1.73,0.3850199877418081
1.731,0.38501998579817376
1.732,0.38501998511084
1.733,0.3850199876479383
1.734,0.38501998633397094
1.735,0.38501998675491633
1.736,0.38501998812212307
1.737,0.38501998673953064
1.738,0.38501998669770554
1.739,0.3850199902206151
1.74,0.38501998796253606
1.741,0.3850192321875607
1.742,0.3850199841590034
1.743,0.3850199886868603
1.744,0.3850199866926022
1.745,0.3850199855286451
1.746,0.38501998962164424
1.747,0.3850199036340421
1.748,0.385018049427492
1.749,0.38501999156562117
1.75,0.38501998435756424
1.751,0.385019985603512
1.752,0.38502186310468456
1.753,0.3850151063181135
1.754,0.38502484865867714
1.755,0.38502177834947576
1.756,0.38502510884897034
1.757,0.3850199878367016
1.758,0.3850235672921591
1.759,0.38502725979158947
1.76,0.385022704120339
1.761,0.38501998556758305
1.762,0.3850199872261234
1.763,0.38501998494944756
1.764,0.3850199829690282
1.765,0.38502246138254526
1.766,0.3850199854796107
1.767,0.3850199877057738
1.768,0.38501998777905794
1.769,0.3850199943959192
1.77,0.38501994316012655
1.771,0.38502300790506633
1.772,0.3850170019683358
1.773,0.38502477747799735
1.774,0.3850199910683895
1.775,0.38501842005643405
1.776,0.3850199883227028
1.777,0.38501982118096045
1.778,0.3850189127546346
1.779,0.38501487307331866
1.78,0.38501999135467113
1.781,0.3850233394258654
1.782,0.3850150343854184
1.783,0.3850243288965712
1.784,0.38501998875624677
1.785,0.3850223041610019
1.786,0.3850194828534366
1.787,0.3850166665535262
1.788,0.3850198600548633
1.789,0.38501998500890156
1.79,0.3850199862446064
1.791,0.38501998892384603
1.792,0.3850199904419754
1.793,0.38501987474554683
1.794,0.3850199867839496
1.795,0.38501998837560697
1.796,0.38501982989200395
1.797,0.3850199886941378
1.798,0.38502020619224475
1.799,0.3850199821033149
1.8,0.385019993742083
1.801,0.385019994660021
1.802,0.3850178900177328
1.803,0.3850238810113232
1.804,0.385019989594597
1.805,0.3850199836498439
1.806,0.3850225186738356
1.807,0.3850160598469791
1.808,0.38501974554998025
1.809,0.3850224990310044
1.81,0.3850199881894915
1.811,0.3850230926925365
1.812,0.38501998777613106
1.813,0.38501998672927024
1.814,0.3850199881214726
1.815,0.38501998806626264
1.816,0.3850199889719881
1.817,0.385019986401016
1.818,0.38501997942758004
1.819,0.3850199854043844
1.82,0.38501892963829254
1.821,0.38501843713363415
1.822,0.3850173569312243
1.823,0.3850258186486469
1.824,0.38502280317076687
1.825,0.38501756337546367
1.826,0.3850179685130868
1.827,0.38501998701564555
1.828,0.38501945526130044
1.829,0.3850199849579616
1.83,0.38501979414335474
1.831,0.3850188398608438
1.832,0.38502269855360843
1.833,0.3850199863192774
1.834,0.38501828797765053
1.835,0.3850173172495443
1.836,0.3850199870879321
1.837,0.385024662965095
1.838,0.38501998634521944
1.839,0.3850199870103291
1.84,0.3850199874989497
1.841,0.3850217028817003
1.842,0.3850199898936335
1.843,0.38501962519645183
1.844,0.3850189768224192
1.845,0.38501998445734287
1.846,0.38502326249955027
1.847,0.3850245675146658
1.848,0.38501998569365903
1.849,0.3850199870683425
1.85,0.38501781249255823
1.851,0.38501939041632277
1.852,0.38501869804428496
1.853,0.3850188494518687
1.854,0.3850199878858791
1.855,0.3850199897932443
1.856,0.3850182665751345
1.857,0.38501998777429386
1.858,0.38501615170355813
1.859,0.3850193377492197
1.86,0.3850217275372678
1.861,0.3850187396865368
1.862,0.38501988137246634
1.863,0.3850199858487335
1.864,0.3850166788936127
1.865,0.3850199905814552
1.866,0.3850199846808569
1.867,0.38501730194577133
1.868,0.3850199838287005
1.869,0.3850199914371389
1.87,0.38501999129474224
1.871,0.38501998101923907
1.872,0.3850199883244726
1.873,0.3850199892543459
1.874,0.3850199849343815
1.875,0.38501921938064204
1.876,0.3850199856426579
1.877,0.3850180162357989
1.878,0.38501761096029197
1.879,0.38501862288427124
1.88,0.38502004876777834
1.881,0.3850207648514274
1.882,0.38501985488782575
1.883,0.38501998566897505
1.884,0.385019571602497
1.885,0.3850141814258601
1.886,0.3850199846879976
1.887,0.38501998422406214
1.888,0.3850199873093408
1.889,0.38501856381423166
1.89,0.3850195097974533
1.891,0.3850166813526757
1.892,0.38501998686356725
1.893,0.385019986091841
1.894,0.3850252597041362
1.895,0.3850193177915287
1.896,0.385020639076103
1.897,0.38501998576535873
1.898,0.38501998528288406
1.899,0.3850229657438937
1.9,0.3850199871221971
1.901,0.385020544875818
1.902,0.38501998465734955
1.903,0.3850199870104496
1.904,0.3850237899915105
1.905,0.38502075098806937
1.906,0.3850199876305526
1.907,0.38502539538700487
1.908,0.3850180407760854
1.909,0.38501998598543513
1.91,0.3850199899357712
1.911,0.3850174457935313
1.912,0.3850199929452104
1.913,0.38501998700739704
1.914,0.3850225486164778
1.915,0.3850193413007765
1.916,0.3850169218320992
1.917,0.38502057925916744
1.918,0.38502304263792336
1.919,0.385017392777533
1.92,0.3850235372114719
1.921,0.3850174584264524
1.922,0.3850199904520262
1.923,0.38501999090066796
1.924,0.38501266405223006
1.925,0.38501535913985413
1.926,0.38502436946978463
1.927,0.3850195502243759
1.928,0.38502424652366407
1.929,0.3850174118627418
1.93,0.3850199786436758
1.931,0.3850199881969019
1.932,0.3850199858737192
1.933,0.38501998807680127
1.934,0.385019987776873
1.935,0.385019990212017
1.936,0.3850199870982359
1.937,0.3850199880990825
1.938,0.38501998892580375
1.939,0.38501998527215875
1.94,0.38501998817793537
1.941,0.385019988081574
1.942,0.38501999172809576
1.943,0.38501998741302285
1.944,0.38501998831223283
1.945,0.3850173583101205
1.946,0.38502288114509053
1.947,0.38501908097167753
1.948,0.3850199870242874
1.949,0.38501998681609373
1.95,0.38501998736969884
1.951,0.3850199959628909
1.952,0.38502278808304147
1.953,0.38501998465433857
1.954,0.3850206907439391
1.955,0.3850194709392148
1.956,0.3850208720694591
1.957,0.3850199888332748
1.958,0.3850193285077036
1.959,0.38501998364805706
1.96,0.3850196770960603
1.961,0.3850195509791194
1.962,0.38502301990594645
1.963,0.38501860534462473
1.964,0.38501998624739014
1.965,0.3850216658285077
1.966,0.38502283939274373
1.967,0.38501885434034766
1.968,0.38501831652810403
1.969,0.3850221466383623
1.97,0.3850159188343846
1.971,0.38502019084626593
1.972,0.385020350886197
1.973,0.3850209137314894
1.974,0.3850182611643341
1.975,0.38501808991159303
1.976,0.38501908579309013
1.977,0.385018795529836
1.978,0.3850181304002504
1.979,0.3850199872371422
1.98,0.3850199998587018
1.981,0.38501998947150406
1.982,0.3850199893583879
1.983,0.38501998901707374
1.984,0.3850199887090478
1.985,0.3850166459910775
1.986,0.38501998749832483
1.987,0.3850199902823523
1.988,0.3850199899062823
1.989,0.38502381071448827
1.99,0.3850199909080297
1.991,0.3850199873947957
1.992,0.38501864449274903
1.993,0.3850199901303162
1.994,0.3850176418701358
1.995,0.38501485799781665
1.996,0.38501998145754596
1.997,0.3850180064577696
1.998,0.38502041483248334
1.999,0.3850238255926209
2.0,0.3850226640169087
2.001,0.38502364701939396
2.002,0.3850226699432377
2.003,0.38501831886765914
2.004,0.38501821210099724
2.005,0.3850141988522248
2.006,0.3850130512026401
2.007,0.38501832581024564
2.008,0.3850154731236028
2.009,0.3850217680099824
2.01,0.3850163085330598
2.011,0.3850224445487547
2.012,0.3850169455951377
2.013,0.3850166976926541
2.014,0.3850165672188814
2.015,0.38502374676090007
2.016,0.38501998608910526
2.017,0.38502115809725274
2.018,0.3850218281736775
2.019,0.38501529877374674
2.02,0.38501637011546325
2.021,0.3850219770845892
2.022,0.3850166975254188
2.023,0.385016961251099
2.024,0.38501586298519214
2.025,0.3850170258029642
2.026,0.3850244321321309
2.027,0.3850199889110655
2.028,0.38501997742660593
2.029,0.3850199874908077
2.03,0.3850199806477393
2.031,0.38501998738521204
2.032,0.38502051450785246
2.033,0.3850199870788455
2.034,0.3850199872864988
2.035,0.38501998722435377
2.036,0.38501998573135615
2.037,0.3850189183156932
2.038,0.38501998636083384
2.039,0.3850199838057099
2.04,0.385016358635946
2.041,0.3850208318508542
2.042,0.3850199082167045
2.043,0.38501633532140345
2.044,0.38501998698778883
2.045,0.38501998804870713
2.046,0.38501998195171705
2.047,0.3850222188247533
2.048,0.3850199876337414
2.049,0.38501998317254527
2.05,0.3850199890868094
2.051,0.38501998779116303
2.052,0.38502170057098684
2.053,0.38502111462610744
2.054,0.38501998996581144
2.055,0.38501963768366104
2.056,0.3850161361666402
2.057,0.3850199818573054
2.058,0.3850188103247693
2.059,0.385019988191967
2.06,0.3850199859833852
2.061,0.3850199861629318
2.062,0.3850199868131811
2.063,0.38502399451114283
2.064,0.38501998600148235
2.065,0.38501998762162665
2.066,0.3850264728306177
2.067,0.38502201564568267
2.068,0.38501998496713985
2.069,0.38501998556462885
2.07,0.38501998909838087
2.071,0.3850199872658931
2.072,0.38501998521485625
2.073,0.3850199875796253
2.074,0.38501998701299056
2.075,0.3850199873923012
2.076,0.38501998723269737
2.077,0.38501998883248995
2.078,0.3850199860182228
2.079,0.3850199890488226
2.08,0.3850199871522185
2.081,0.3850199869742285
2.082,0.385019986475684
2.083,0.3850199870488113
2.084,0.38502220603619314
2.085,0.38501619053427205
2.086,0.38501998883706284
2.087,0.3850199882626267
2.088,0.38502016879157314
2.089,0.38502143502182246
2.09,0.38501998777630514
2.091,0.3850199872282532
2.092,0.38501998959966643
2.093,0.38502000357303334
2.094,0.3850171145664896
2.095,0.38501998661693937
2.096,0.38502025314678817
2.097,0.3850199850687809
2.098,0.38501999496895994
2.099,0.38501917108760647
2.1,0.38501990678233733
2.101,0.38501956665084064
2.102,0.3850199907044146
2.103,0.38501999025846007
2.104,0.38501640745937765
2.105,0.38502113370430874
2.106,0.38501989019779
2.107,0.3850199854718037
2.108,0.3850199881206883
2.109,0.38501998740570864
2.11,0.3850267073698052
2.111,0.3850190647543981
2.112,0.38501999680868965
2.113,0.3850200245912053
2.114,0.3850211217822841
2.115,0.3850200009567432
2.116,0.3850199982048338
2.117,0.38501998480732885
2.118,0.3850199973257167
2.119,0.3850170525798488
2.12,0.38501998236889867
2.121,0.38502532130677314
2.122,0.3850199906834122
2.123,0.38501998701209
2.124,0.3850192913002881
2.125,0.38501774579368325
2.126,0.38502147032883743
2.127,0.3850199878425409
2.128,0.38501998282954547
2.129,0.38501998914413554
2.13,0.3850199850271333
2.131,0.3850199849612288
2.132,0.38501998805612825
2.133,0.3850199839339404
2.134,0.3850182645465756
2.135,0.3850183066268088
2.136,0.38501998669443316
2.137,0.3850199875431657
2.138,0.3850199826869165
2.139,0.3850199873881633
2.14,0.38501708580585614
2.141,0.38501663693981425
2.142,0.3850199944603702
2.143,0.3850184025259406
2.144,0.3850188081709035
2.145,0.3850199878757007
2.146,0.38501998905887064
2.147,0.3850199868061638
2.148,0.38501729419429376
2.149,0.38502174444568416
2.15,0.385021993878609
2.151,0.3850199836174079
2.152,0.3850199880466355
2.153,0.3850157861184103
2.154,0.3850199921528989
2.155,0.3850199890916832
2.156,0.38502201467924335
2.157,0.3850185298947548
2.158,0.38501390432100574
2.159,0.38502307302323197
2.16,0.385022083316074
2.161,0.3850199878653349
2.162,0.3850199886317551
2.163,0.38501998986343783
2.164,0.38501756531210973
2.165,0.38501998698051004
2.166,0.38501998455295616
2.167,0.38501998855111313
2.168,0.385018186391529
2.169,0.3850199850516187
2.17,0.3850207217110859
2.171,0.3850207149564565
2.172,0.3850205566719576
2.173,0.3850206636846739
2.174,0.3850206375577338
2.175,0.3850193370734916
2.176,0.3850194769817114
2.177,0.38501951818492325
2.178,0.3850194117752585
2.179,0.3850199909139835
2.18,0.3850204279878521
2.181,0.3850203902370888
2.182,0.3850199851406995
2.183,0.3850190193894711
2.184,0.3850205926067368
2.185,0.3850206560441944
2.186,0.3850199845671064
2.187,0.385020279708802
2.188,0.385019986143731
2.189,0.3850226819737912
2.19,0.38501824581593336
2.191,0.3850199895858469
2.192,0.3850206297002433
2.193,0.38501947320773855
2.194,0.38502062440614815
2.195,0.385019990197312
2.196,0.3850213066435929
2.197,0.38501998358673994
2.198,0.38501999312587976
2.199,0.38501998702074497
2.2,0.3850199928984767
2.201,0.3850199898067602
2.202,0.3850165600830681
2.203,0.3850199874005679
2.204,0.3850199798582734
2.205,0.385021449282403
2.206,0.3850199866422703
2.207,0.3850173972327123
2.208,0.3850227419001472
2.209,0.38502179287666116
2.21,0.38502041441117935
2.211,0.3850250167213839
2.212,0.3850179990913842
2.213,0.3850216753410618
2.214,0.3850195856640736
2.215,0.38501908011102903
2.216,0.38501998774016044
2.217,0.3850209522369599
2.218,0.38501999150593835
2.219,0.3850199883706106
2.22,0.38501901022090645
2.221,0.3850199883360338
2.222,0.38501998714413577
2.223,0.3850160823654224
2.224,0.3850217467359364
2.225,0.38501997949475575
2.226,0.38501998032558354
2.227,0.3850220316018849
2.228,0.38501865031840066
2.229,0.38502183155820646
2.23,0.3850213379812238
2.231,0.3850200098386822
2.232,0.3850199887227914
2.233,0.38502103023229434
2.234,0.3850199872482321
2.235,0.3850189512631782
2.236,0.38501790981668965
2.237,0.3850199887556993
2.238,0.3850213901970732
2.239,0.38501998453093883
2.24,0.3850199841191897
2.241,0.3850228685166517
2.242,0.38501998737237486
2.243,0.385019987834072
2.244,0.38501961209884134
2.245,0.3850199837743448
2.246,0.38501998854133823
2.247,0.38501998984737024
2.248,0.38501998894770423
2.249,0.3850198463864556
2.25,0.3850175138393354
2.251,0.38501998705334217
2.252,0.3850204840838671
2.253,0.38501999395051606
2.254,0.38501848509984216
2.255,0.38502176032532104
2.256,0.38502077792370315
2.257,0.38501705752370036
2.258,0.3850199846962981
2.259,0.38501969762129995
2.26,0.38501897620510767
2.261,0.38501998751735195
2.262,0.38501998849739744
2.263,0.38501741301382886
2.264,0.3850169375277013
2.265,0.3850199888527182
2.266,0.3850199890865127
2.267,0.3850199894555866
2.268,0.3850199898456508
2.269,0.3850199935349848
2.27,0.385019982507819
2.271,0.38501987292582407
2.272,0.38501998748820815
2.273,0.38501998823004224
2.274,0.38501998851040353
2.275,0.3850199866350621
2.276,0.3850201561687096
2.277,0.3850199858801775
2.278,0.3850199886890025
2.279,0.38501684992603796
2.28,0.3850199872794104
2.281,0.38501719279794194
2.282,0.3850173535538094
2.283,0.385019987397669
2.284,0.3850197355468446
2.285,0.38501998411246596
2.286,0.3850184044782475
2.287,0.3850218313051854
2.288,0.3850159738705806
2.289,0.38502066917409794
2.29,0.38501999596097475
2.291,0.38501998736176235
2.292,0.3850199903352595
2.293,0.3850206080191921
2.294,0.3850206319822077
2.295,0.38501576887851213
2.296,0.38501376579171576
2.297,0.38501740893991776
2.298,0.38502209517884
2.299,0.3850199873658269
2.3,0.38501616534978955
2.301,0.3850186967514752
2.302,0.38501777985906144
2.303,0.3850199915063199
2.304,0.38501998749074595
2.305,0.3850171614274566
2.306,0.38501564526876486
2.307,0.3850199876930659
2.308,0.38502120594090405
2.309,0.3850181644993732
2.31,0.3850228657995446
2.311,0.3850127923156608
2.312,0.3850199839515675
2.313,0.38502109679530444
2.314,0.38501777046697994
2.315,0.38501998790841685
2.316,0.3850199898156322
2.317,0.3850201915682706
2.318,0.38502129536936164
2.319,0.38502306376105416
2.32,0.3850200170599786
2.321,0.38502165080378387
2.322,0.3850156516718001
2.323,0.38502222251873813
2.324,0.3850227539363341
2.325,0.3850229839511464
2.326,0.3850280494919314
2.327,0.3850234152017378
2.328,0.3850181526210817
2.329,0.38501998732335535
2.33,0.3850199876745921
2.331,0.3850199865123818
2.332,0.385019988299286
2.333,0.3850199864732073
2.334,0.38501999033928747
2.335,0.3850199870219119
2.336,0.38502498436657945
2.337,0.38501998925353065
2.338,0.3850199886210849
2.339,0.38501998861404535
2.34,0.3850189438654697
2.341,0.3850195960671311
2.342,0.38502142466218275
2.343,0.3850196085314092
2.344,0.38502420251752534
2.345,0.3850169059320648
2.346,0.38501998643993646
2.347,0.3850199895585962
2.348,0.3850199887173064
2.349,0.38502185257788757
2.35,0.3850199865540346
2.351,0.38501998348832955
2.352,0.3850199861825311
2.353,0.3850199833465091
2.354,0.38501998739562443
2.355,0.3850199797191154
2.356,0.3850199831284356
2.357,0.38501998845239943
2.358,0.38502513834213814
2.359,0.38501999452100893
2.36,0.3850219483564454
2.361,0.3850126634901156
2.362,0.3850185914071015
2.363,0.38501999065863285
2.364,0.3850222237264348
2.365,0.3850188015198847
2.366,0.3850227821735017
2.367,0.38501998411008814
2.368,0.3850230052879511
2.369,0.38501868562772806
2.37,0.38501998799019704
2.371,0.38502205045334775
2.372,0.3850187439903584
2.373,0.38502048710437414
2.374,0.3850212474891031
2.375,0.385019976971927
2.376,0.38502109284696123
2.377,0.38501960325002005
2.378,0.38502173980737886
2.379,0.38501762238017573
2.38,0.3850199888119458
2.381,0.3850199920504403
2.382,0.385019987824375
2.383,0.3850199974121683
2.384,0.38501998733415876
2.385,0.3850199866069911
2.386,0.3850217920650238
2.387,0.38501826360036384
2.388,0.3850212737044594
2.389,0.38501778049336416
2.39,0.3850199848368935
2.391,0.3850187783691467
2.392,0.3850199788772294
2.393,0.38501916978739986
2.394,0.38501972908487236
2.395,0.3850199885179969
2.396,0.38501999193263214
2.397,0.3850199873617965
2.398,0.38501998789759034
2.399,0.38502128715152967
2.4,0.38501992986898526
2.401,0.3850204933995294
2.402,0.3850199872128315
2.403,0.3850199868208661
2.404,0.3850199876785546
2.405,0.38501929428548887
2.406,0.38502025978334964
2.407,0.3850206266624087
2.408,0.3850165465116259
2.409,0.3850199861152231
2.41,0.38501998584789676
2.411,0.3850199877106394
2.412,0.3850199865099474
2.413,0.38501998502980134
2.414,0.38502300778746146
2.415,0.385023324293128
2.416,0.38501512951597405
2.417,0.38501998790316677
2.418,0.385018379622071
2.419,0.3850199897181288
2.42,0.38501998758196704
2.421,0.3850199875469428
2.422,0.38501998301220797
2.423,0.385019988538553
2.424,0.3850199875133695
2.425,0.38501998631876183
2.426,0.385019986628952
2.427,0.3850199873108867
2.428,0.38502167129959797
2.429,0.3850180961749629
2.43,0.38501998559038586
2.431,0.3850206725509772
2.432,0.38501998855401925
2.433,0.38501952053465516
2.434,0.38502056418368313
2.435,0.3850199883215581
2.436,0.38502051249475805
2.437,0.38501998656813
2.438,0.3850217970182271
2.439,0.3850199919024151
2.44,0.38501467791459676
2.441,0.3850209172426117
2.442,0.38502088310001625
2.443,0.38502222777767947
2.444,0.38501912459902854
2.445,0.3850210924711374
2.446,0.38502156922199604
2.447,0.38502143313017795
2.448,0.38501942445836085
2.449,0.3850202321157137
2.45,0.38502023328703994
2.451,0.3850193463992981
2.452,0.3850202569095969
2.453,0.3850207448887617
2.454,0.3850207137869564
2.455,0.38502033856781503
2.456,0.385020706211073
2.457,0.38502015166316933
2.458,0.3850189339908312
2.459,0.3850202357277161
2.46,0.38501979818470744
2.461,0.38502099442953147
2.462,0.38502076073560665
2.463,0.3850202855471827
2.464,0.38501998598948006
2.465,0.3850196404316465
2.466,0.38501998755406547
2.467,0.38502038200938343
2.468,0.3850197496990441
2.469,0.38501999808073933
2.47,0.38501770534564983
2.471,0.38501596917652875
2.472,0.3850199945356869
2.473,0.38501998865019627
2.474,0.385020994146831
2.475,0.3849385838278236
2.476,0.38502223432948146
2.477,0.385021192764165
2.478,0.3850199930381007
2.479,0.38501997875207566
2.48,0.38502261397146176
2.481,0.3850191810019122
2.482,0.3850199856068526
2.483,0.3850199815101419
2.484,0.38501998667502757
2.485,0.38501685400136115
2.486,0.38501998814335353
2.487,0.38501915551650595
2.488,0.3850174970707418
2.489,0.385019986428266
2.49,0.3850219816476512
2.491,0.3850177052430265
2.492,0.38502154138070505
2.493,0.3850199830630793
2.494,0.3850199860204507
2.495,0.38502022128762003
2.496,0.3850199944078183
2.497,0.38501998627443046
2.498,0.38502128026766913
2.499,0.38502275419443904
2.5,0.38501998717662256
2.501,0.3850200057666556
2.502,0.38501763354438806
2.503,0.3850199836326366
2.504,0.38501998813564486
2.505,0.38501998711975904
2.506,0.38502284758264965
2.507,0.38502601064772196
2.508,0.3850239150176886
2.509,0.38502308863395474
2.51,0.3850186355819404
2.511,0.38501998730403036
2.512,0.3850176288525515
2.513,0.38501746784753305
2.514,0.3850185086504241
2.515,0.3850199864224203
2.516,0.385021827871806
2.517,0.38502063297158806
2.518,0.3850225997820928
2.519,0.3850217857025609
2.52,0.3850201586446638
2.521,0.3850199871082423
2.522,0.3850178652051742
2.523,0.38501998749734084
2.524,0.38501997360957363
2.525,0.3850234478911452
2.526,0.3850179042230554
2.527,0.38501573904276176
2.528,0.3850215717770686
2.529,0.385021539668128
2.53,0.38502165679736255
2.531,0.3850203898251188
2.532,0.3850199866374761
2.533,0.3850241725258727
2.534,0.3850190273609378
2.535,0.38501998321530295
2.536,0.3850238221734635
2.537,0.38501644730972817
2.538,0.38501998762149603
2.539,0.3850199892747201
2.54,0.38501739315669126
2.541,0.38501999290611555
2.542,0.384995943435038
2.543,0.3850422115411264
2.544,0.3850199906461608
2.545,0.3850168201416512
2.546,0.3850269219580638
2.547,0.3850243360202369
2.548,0.38501701092564045
2.549,0.38501998855198066
2.55,0.38501998894071565
2.551,0.38502046646607785
2.552,0.3850201099078366
2.553,0.38501998865509296
2.554,0.3850199839738425
2.555,0.3850165876559243
2.556,0.38501908049776284
2.557,0.3850199868668401
2.558,0.38501662874480497
2.559,0.3850199825537319
2.56,0.38501998808959725
2.561,0.38501918885773667
2.562,0.38501789338989134
2.563,0.3850139488466223
2.564,0.38502295480892773
2.565,0.3850199863260077
2.566,0.3850199880885162
2.567,0.3850157975936321
2.568,0.38501998972852847
2.569,0.3850199944387204
2.57,0.3850199845725012
2.571,0.3850205751146674
2.572,0.3850199875825002
2.573,0.3850212712349223
2.574,0.38501998518108593
2.575,0.38501998628643824
2.576,0.38501998742060967
2.577,0.3850199872088903
2.578,0.3850199834883039
2.579,0.38501998674506266
2.58,0.38501998663673365
2.581,0.3850231309620644
2.582,0.38501738840497324
2.583,0.38501556965640593
2.584,0.3850199207512964
2.585,0.38501998578159763
2.586,0.3850291718937713
2.587,0.38501998711492535
2.588,0.3850204958296377
2.589,0.38502058311359194
2.59,0.3850203134276764
2.591,0.3850209444574593
2.592,0.38502194368023535
2.593,0.3850199858336335
2.594,0.3850198051778628
2.595,0.3850065949995748
2.596,0.38501999284215677
2.597,0.3850199694204388
2.598,0.385022961029658
2.599,0.38501926755938026
2.6,0.38502158058751335
2.601,0.3850199873701026
2.602,0.385019506926974
2.603,0.3850196094132875
2.604,0.3850192864373895
2.605,0.38502053591977603
2.606,0.38501899850495264
2.607,0.38501913848027497
2.608,0.3850204040755411
2.609,0.3850192531617174
2.61,0.38502055170281285
2.611,0.3850216798193161
2.612,0.38502153365903824
2.613,0.38501838697015567
2.614,0.38502153968326647
2.615,0.3850180885784494
2.616,0.3850194679524359
2.617,0.38501847524743804
2.618,0.3850222850464272
2.619,0.385019984181685
2.62,0.3850199825904556
2.621,0.38501503236956774
2.622,0.3850199863287698
2.623,0.3850226076110456
2.624,0.38501424751506935
2.625,0.3850194588399622
2.626,0.38502092699660834
2.627,0.3850199837085409
2.628,0.3850199876521867
2.629,0.3850180123992662
2.63,0.3850199876334134
2.631,0.3850199860276267
2.632,0.38502177955547373
2.633,0.3850199880967592
2.634,0.38502169139038434
2.635,0.3850171628230002
2.636,0.38502200171014767
2.637,0.3850133887056496
2.638,0.3850227602268424
2.639,0.38501460718527736
2.64,0.3850199835348212
2.641,0.38501998628272593
2.642,0.3850199857624307
2.643,0.38501999364083384
2.644,0.38501992789039247
2.645,0.3850199880534888
2.646,0.3850260024708569
2.647,0.38501941101974463
2.648,0.38501998542196353
2.649,0.38501883176765594
2.65,0.38502067153340835
2.651,0.38501998767513673
2.652,0.3850199878020802
2.653,0.38501895752250787
2.654,0.38501998868745235
2.655,0.3850185327159909
2.656,0.38501856717003324
2.657,0.3850199877830748
2.658,0.38501998578139823
2.659,0.38502140974508214
2.66,0.3850233475803238
2.661,0.3850220346924796
2.662,0.38502041819045396
2.663,0.3850198385212485
2.664,0.3850188861645769
2.665,0.38501784575109477
2.666,0.3850168708544088
2.667,0.3850219385174269
2.668,0.38501912508969216
2.669,0.3850254194256577
2.67,0.3850161503743312
2.671,0.38502046657646183
2.672,0.38501998827215095
2.673,0.3850191526697625
2.674,0.3850217752881928
2.675,0.38502060184893
2.676,0.38501998838086676
2.677,0.3850213829464443
2.678,0.3850177656406833
2.679,0.38502452307749824
2.68,0.3850185980203794
2.681,0.38501169102159116
2.682,0.3850221097124111
2.683,0.3850199872507284
2.684,0.38501875260494406
2.685,0.3850139901970023
2.686,0.3850148799079501
2.687,0.38502188942554577
2.688,0.3850166762960739
2.689,0.3850166363617055
2.69,0.38501946723567393
2.691,0.38501888007682467
2.692,0.3850221656229246
2.693,0.3850210206096204
2.694,0.38502315837622764
2.695,0.3850210070647944
2.696,0.3850221514646025
2.697,0.38501835539661977
2.698,0.3850215514810308
2.699,0.38501998716198704
2.7,0.385018997845224
2.701,0.38502283636954104
2.702,0.3850193789235053
2.703,0.3850218448298813
2.704,0.38502118886585207
2.705,0.3850199951705755
2.706,0.38501998821398614
2.707,0.38502059660057836
2.708,0.38501861878644633
2.709,0.3850199862037659
2.71,0.38501998838317364
2.711,0.3850199955723423
2.712,0.3850221230220645
2.713,0.38501856093091885
2.714,0.38501999370658463
2.715,0.385017852242784
2.716,0.38501878722682736
2.717,0.38501998704932927
2.718,0.38501998782760033
2.719,0.38502344864190075
2.72,0.38502268779392074
2.721,0.3850199858084958
2.722,0.3850217017290203
2.723,0.3850218889991678
2.724,0.38499561357853573
2.725,0.38501807661582693
2.726,0.38501693436081985
2.727,0.3850216178901733
2.728,0.38501915497851014
2.729,0.3850202293726033
2.73,0.38501798505903273
2.731,0.38501999274664417
2.732,0.38501998654920744
2.733,0.38501914597450976
2.734,0.3850190287717191
2.735,0.3850175830121524
2.736,0.3850142677906357
2.737,0.38501998772008544
2.738,0.3850178539765787
2.739,0.3850181740351062
2.74,0.38503725268027583
2.741,0.38501591752892805
2.742,0.3850193416817792
2.743,0.38501545255396885
2.744,0.3850115662454948
2.745,0.38502579063112075
2.746,0.38501998879266275
2.747,0.38501998807947746
2.748,0.3850211295317763
2.749,0.38501998770869134
2.75,0.3850184557350868
2.751,0.3850227911231748
2.752,0.38501999124005987
2.753,0.38501768706501394
2.754,0.38502304378717284
2.755,0.38501411255141044
2.756,0.3850199902457105
2.757,0.3850192654656313
2.758,0.38501999389881975
2.759,0.38502328488495724
2.76,0.3850216627073472
2.761,0.3850199878183147
2.762,0.38501998276609833
2.763,0.38501998967895573
2.764,0.38501999224442185
2.765,0.3850199886942344
2.766,0.3850181344341116
2.767,0.3850181270848932
2.768,0.3850239265891927
2.769,0.38501691531939236
2.77,0.3850192955362269
2.771,0.38502302458629406
2.772,0.3850183009432687
2.773,0.38501998617728367
2.774,0.3850199818306305
2.775,0.38502500302660253
2.776,0.3850199846423382
2.777,0.3850186030979423
2.778,0.3850202862444069
2.779,0.38502251821511224
2.78,0.38501998417100286
2.781,0.3850199895285479
2.782,0.38501833155599136
2.783,0.3850199869104778
2.784,0.385016643440539
2.785,0.3850199872736507
2.786,0.38501776065088705
2.787,0.3850175838662865
2.788,0.38501998969729145
2.789,0.38501999149757204
2.79,0.385021920123859
2.791,0.38501998852313357
2.792,0.38501998523966546
2.793,0.38501998805881876
2.794,0.38501700989618565
2.795,0.3850199845262809
2.796,0.3850226060699956
2.797,0.3850199867513729
2.798,0.38501531653413795
2.799,0.3850199824306266
2.8,0.3850185601096318
2.801,0.3850176009136398
2.802,0.3850199806191971
2.803,0.3850199876770099
2.804,0.38501998607692517
2.805,0.3850176211466997
2.806,0.385010942841508
2.807,0.38501863790518864
2.808,0.38502253914381174
2.809,0.3850167647812425
2.81,0.38501853219714216
2.811,0.38501860618924333
2.812,0.3850199785208743
2.813,0.38501998732684517
2.814,0.38502344774949293
2.815,0.38502025786674937
2.816,0.38501904879020493
2.817,0.38501999090853994
2.818,0.38501998789149117
2.819,0.3850160669684232
2.82,0.385021471805666
2.821,0.385021711808408
2.822,0.3850199878520252
2.823,0.38501999555045757
2.824,0.38501999153380917
2.825,0.3850199879275697
2.826,0.3850159193784038
2.827,0.3850124698421297
2.828,0.3850249593593645
2.829,0.38501999350793836
2.83,0.3850226572318044
2.831,0.38502138397881913
2.832,0.385023069847559
2.833,0.3850219516977386
2.834,0.38502139006568825
2.835,0.38501739134371626
2.836,0.3850237323413668
2.837,0.38502109624088493
2.838,0.38502302338849864
2.839,0.3850214241142191
2.84,0.3850199915781041
2.841,0.38501469502228386
2.842,0.3850212819207149
2.843,0.385019989979647
2.844,0.3850199849155501
2.845,0.38501999046449675
2.846,0.3850244615393479
2.847,0.38501999105076173
2.848,0.3850199908564986
2.849,0.38501999158475153
2.85,0.3850206761363728
2.851,0.38501979760409727
2.852,0.38502032364799677
2.853,0.38502061618020306
2.854,0.3850199748363535
2.855,0.3850201139097849
2.856,0.38502093603598986
2.857,0.3850199885251156
2.858,0.38501762299430436
2.859,0.3850182304593792
2.86,0.385019989239595
2.861,0.38501998193159503
2.862,0.38501997714823133
2.863,0.38502085435428146
2.864,0.38501997834383894
2.865,0.38501999365232936
2.866,0.3850278611064711
2.867,0.3850076804055328
2.868,0.38503047627020964
2.869,0.3850202823510884
2.87,0.3850208073557921
2.871,0.3850142199740195
2.872,0.3850243034115879
2.873,0.3850176526892825
2.874,0.38501171510464294
2.875,0.38502152224480957
2.876,0.3850174322939084
2.877,0.38501740769146026
2.878,0.38501423351561836
2.879,0.3850199916566665
2.88,0.38502018279329037
2.881,0.38502331129026024
2.882,0.385022641257352
2.883,0.38501867865890443
2.884,0.38501998937679777
2.885,0.3850159777256691
2.886,0.38501998498120854
2.887,0.38501998846779
2.888,0.3850214623481426
2.889,0.3850188537706741
2.89,0.3850213125872461
2.891,0.3850221428184613
2.892,0.38501937850102297
2.893,0.38501910226217145
2.894,0.3850199837141314
2.895,0.3850199927975197
2.896,0.3850199877224217
2.897,0.38501998773715923
2.898,0.3850201201577505
2.899,0.3850199866299846
2.9,0.3850212408252288
2.901,0.3850199852297147
2.902,0.3850128821926322
2.903,0.3850142644881568
2.904,0.385015243373232
2.905,0.3850154197955354
2.906,0.38502676279911224
2.907,0.3850239306205248
2.908,0.38501777657385167
2.909,0.38502722813804063
2.91,0.38501622375592087
2.911,0.38501551130963774
2.912,0.38501998906873514
2.913,0.38501585614863393
2.914,0.3850187263240911
2.915,0.38501869101996095
2.916,0.38501556890182975
2.917,0.3850199785776214
2.918,0.3850191005496595
2.919,0.38501998681366656
2.92,0.3850220953267331
2.921,0.385019987680614
2.922,0.385019985815217
2.923,0.38501861302362517
2.924,0.38500316769308046
2.925,0.38502459280440415
2.926,0.3850199873754195
2.927,0.3850199890427627
2.928,0.3850146595563655
2.929,0.38501998423228995
2.93,0.3850199859301118
2.931,0.38502321122044664
2.932,0.3850202024317975
2.933,0.3850199842870243
2.934,0.3850228955421989
2.935,0.3850179305151282
2.936,0.38501998768821294
2.937,0.3850153452266494
2.938,0.3850166652565735
2.939,0.38501327544846703
2.94,0.38501679720101584
2.941,0.38501905531569125
2.942,0.38501943273363926
2.943,0.38501998495747597
2.944,0.38501894776327394
2.945,0.3850195132186537
2.946,0.3850199784025946
2.947,0.38501998654913344
2.948,0.38501833645838957
2.949,0.3850199883147859
2.95,0.38501999216162786
2.951,0.3850223560276041
2.952,0.3850199875547306
2.953,0.3850205414890619
2.954,0.3850220539829437
2.955,0.38502524611215494
2.956,0.3850213223701094
2.957,0.3850188989905426
2.958,0.3850164140035024
2.959,0.3850258980990461
2.96,0.3850302276079235
2.961,0.3850258487403659
2.962,0.38501710662204985
2.963,0.3850103543569206
2.964,0.3850126799339299
2.965,0.3850266461183847
2.966,0.3850138950491053
2.967,0.38502236513869387
2.968,0.3850226504236023
2.969,0.38501998724354414
2.97,0.3850199908022011
2.971,0.3850231269815821
2.972,0.3850244643769503
2.973,0.3850177301784772
2.974,0.3850199878253457
2.975,0.3849962761037226
2.976,0.38501430621822935
2.977,0.3850265071371689
2.978,0.38502213390820733
2.979,0.38501998597573794
2.98,0.38501451700579076
2.981,0.3850186376890668
2.982,0.38502090947225354
2.983,0.38502377642249563
2.984,0.3850216770814864
2.985,0.3850141716853658
2.986,0.38502771706318223
2.987,0.385028659008874
2.988,0.38502046443617116
2.989,0.38502146848249247
2.99,0.38502184825755265
2.991,0.38501790240030137
2.992,0.38502126667614256
2.993,0.38502096089503884
2.994,0.38502118467287494
2.995,0.3850317593933979
2.996,0.3850205515048919
2.997,0.3850188831219181
2.998,0.385020328251968
2.999,0.3850170083626701
